{
  "sobel_z": 0.9382902122765849,
  "sobel_p": 0.34809528834421855,
  "indirect_effect": 0.00034373771729957043,
  "direct_effect": -0.0009863189743030511,
  "total_effect": -0.0006425812570063489,
  "proportion_mediated": -0.5349326852466446,
  "bootstrap_CI": [
    -0.00029159844578079087,
    0.0009246988775914981
  ]
}